catid,owner,name,age,,,
1,3,Alessandro Arroyo,9,,,
2,10,Eliot Morin,1,,,
3,2,Bushra Rahman,5,,,
4,11,Cillian Rodriguez,4,,,
5,10,Coby Stephens,3,,,
6,14,Mercy English,5,,,
7,3,Harriet Lynn,1,,,
8,15,Hettie Alvarez,9,,,
9,9,Ebony Andrews,3,,,
10,3,Eryk Mclaughlin,10,,,
11,3,Nawal English,1,,,
12,10,Jeanette Reeves,1,,,
13,12,Fardeen Clay,3,,,
14,8,Kaya Morley,9,,,
15,2,Zavier Marsden,6,,,
16,14,Daniel Stephenson,8,,,
17,15,Brenna Wagner,1,,,
18,1,Ollie Mills,2,,,
19,9,Romilly Fletcher,4,,,
20,1,Janice Le,4,,,
21,8,Sid Skinner,10,,,
22,14,Kaeden Hollis,5,,,
23,11,Annette Pate,2,,,r
24,11,Steven Jones,2,,,
25,15,Eve Roth,3,,,
